<?xml version="1.0" encoding="UTF-8"?>
<Project>
    <params>
        <name>asinhdp</name>
        <location>src/asinhdp//c66/</location>
        <target>66</target>
        <buildArtifact>executable</buildArtifact>
        <files name="src/common//c66/lnk.cmd"/>
        <files name="src/asinhdp/asinhdp.h"/>
        <files name="src/asinhdp/asinhdp_d.c"/>
        <files name="src/asinhdp//c66/asinhdp.h"/>
        <files name="src/asinhdp//c66/asinhdp_i.h"/>
        <files name="src/common/drvdp.c"/>
        <files name="src/common/drvdp.h"/>
        <files name="src/common/driver.h"/>
        <files name="src/common/driver.c"/>
        <files name="src/common/common.h"/>
        <files name="src/common/tables.c"/>
        <files name="src/common//c66/common.h"/>
        <cFlags> --mem_model:data=far</cFlags>
    </params>
</Project>
