<?xml version="1.0" encoding="UTF-8"?>
<Project>
    <params>
        <name>asinsp</name>
        <location>src/asinsp//c66/</location>
        <target>66</target>
        <buildArtifact>executable</buildArtifact>
        <files name="src/common//c66/lnk.cmd"/>
        <files name="src/asinsp/asinsp.h"/>
        <files name="src/asinsp/asinsp_d.c"/>
        <files name="src/asinsp//c66/asinsp.h"/>
        <files name="src/asinsp//c66/asinsp_i.h"/>
        <files name="src/common/drvsp.c"/>
        <files name="src/common/drvsp.h"/>
        <files name="src/common/driver.h"/>
        <files name="src/common/driver.c"/>
        <files name="src/common/common.h"/>
        <files name="src/common/tables.c"/>
        <files name="src/common//c66/common.h"/>
        <cFlags> --mem_model:data=far</cFlags>
    </params>
</Project>
