<?xml version="1.0" encoding="UTF-8"?>
<Project>
    <params>
        <name>expdp</name>
        <location>src/expdp//c66/</location>
        <target>66</target>
        <buildArtifact>executable</buildArtifact>
        <files name="src/common//c66/lnk.cmd"/>
        <files name="src/expdp/expdp.h"/>
        <files name="src/expdp/expdp_d.c"/>
        <files name="src/expdp//c66/expdp.h"/>
        <files name="src/expdp//c66/expdp_i.h"/>
        <files name="src/common/drvdp.c"/>
        <files name="src/common/drvdp.h"/>
        <files name="src/common/driver.h"/>
        <files name="src/common/driver.c"/>
        <files name="src/common/common.h"/>
        <files name="src/common/tables.c"/>
        <files name="src/common//c66/common.h"/>
        <cFlags> --mem_model:data=far</cFlags>
    </params>
</Project>
