<?xml version="1.0" encoding="UTF-8"?>
<Project>
    <params>
        <name>sindp</name>
        <location>src/sindp//c66/</location>
        <target>66</target>
        <buildArtifact>executable</buildArtifact>
        <files name="src/common//c66/lnk.cmd"/>
        <files name="src/sindp/sindp.h"/>
        <files name="src/sindp/sindp_d.c"/>
        <files name="src/sindp//c66/sindp.h"/>
        <files name="src/sindp//c66/sindp_i.h"/>
        <files name="src/common/drvdp.c"/>
        <files name="src/common/drvdp.h"/>
        <files name="src/common/driver.h"/>
        <files name="src/common/driver.c"/>
        <files name="src/common/common.h"/>
        <files name="src/common/tables.c"/>
        <files name="src/common//c66/common.h"/>
        <cFlags> --mem_model:data=far</cFlags>
    </params>
</Project>
