<?xml version="1.0" encoding="UTF-8"?>
<Project>
    <params>
        <name>sqrtsp</name>
        <location>src/sqrtsp//c66/</location>
        <target>66</target>
        <buildArtifact>executable</buildArtifact>
        <files name="src/common//c66/lnk.cmd"/>
        <files name="src/sqrtsp/sqrtsp.h"/>
        <files name="src/sqrtsp/sqrtsp_d.c"/>
        <files name="src/sqrtsp//c66/sqrtsp.h"/>
        <files name="src/sqrtsp//c66/sqrtsp_i.h"/>
        <files name="src/common/drvsp.c"/>
        <files name="src/common/drvsp.h"/>
        <files name="src/common/driver.h"/>
        <files name="src/common/driver.c"/>
        <files name="src/common/common.h"/>
        <files name="src/common/tables.c"/>
        <files name="src/common//c66/common.h"/>
        <cFlags> --mem_model:data=far</cFlags>
    </params>
</Project>
