<?xml version="1.0" encoding="windows-1252"?>
<!--  This file conforms to the DTD xdc/bld/build.dtd -->
<package name="ti.mathlib" version="1, 0, 0, 0" producerId="undefined">
    <units>
        <module name="Version"/>
    </units>
    <sources>
    </sources>
    <configscripts>
    </configscripts>
    <makefiles>
        <srcFile name="package.mak" src="package.bld"/>
        <srcFile name="package/package.xdc.dep" src="package.xdc"/>
        <srcFile name="package/package.cfg.dep" src="package.xdc"/>
        <srcFile name="package/rel/ti_mathlib_src_c66x_3_1_0_0.zip.dep" src="package/rel/ti_mathlib_src_c66x_3_1_0_0.xdc.inc"/>
    </makefiles>
    <targets>
    </targets>
    <libraries>
    </libraries>
    <configurations>
    </configurations>
    <executables>
    </executables>
    <tests>
    </tests>
    <releases relDir="package/rel/">
    <release name="ti_mathlib_src_c66x_3_1_0_0"
        pname="ti_mathlib_src_c66x_3_1_0_0.zip"
        label="default"
    >
        <file name="package/package.bld.xml"/>
        <file name="package/build.cfg"/>
        <file name="makefile"/>
        <file name="lib"/>
        <file name="lib/mathlib.a66.mk"/>
        <file name="./src/atan2dp//c66/atan2dp_c.c"/>
        <file name="./src/atan2dp/atan2dp_v.c"/>
        <file name="./src/atan2sp//c66/atan2sp_c.c"/>
        <file name="./src/atan2sp/atan2sp_v.c"/>
        <file name="./src/atandp//c66/atandp_c.c"/>
        <file name="./src/atandp//c66/atandp_v.c"/>
        <file name="./src/atansp//c66/atansp_c.c"/>
        <file name="./src/atansp/atansp_v.c"/>
        <file name="./src/cosdp//c66/cosdp_c.c"/>
        <file name="./src/cosdp/cosdp_v.c"/>
        <file name="./src/cossp//c66/cossp_c.c"/>
        <file name="./src/cossp/cossp_v.c"/>
        <file name="./src/divdp//c66/divdp_c.c"/>
        <file name="./src/divdp/divdp_v.c"/>
        <file name="./src/divsp//c66/divsp_c.c"/>
        <file name="./src/divsp/divsp_v.c"/>
        <file name="./src/exp10dp//c66/exp10dp_c.c"/>
        <file name="./src/exp10dp/exp10dp_v.c"/>
        <file name="./src/exp10sp//c66/exp10sp_c.c"/>
        <file name="./src/exp10sp/exp10sp_v.c"/>
        <file name="./src/exp2dp//c66/exp2dp_c.c"/>
        <file name="./src/exp2dp/exp2dp_v.c"/>
        <file name="./src/exp2sp//c66/exp2sp_c.c"/>
        <file name="./src/exp2sp/exp2sp_v.c"/>
        <file name="./src/expdp//c66/expdp_c.c"/>
        <file name="./src/expdp/expdp_v.c"/>
        <file name="./src/expsp//c66/expsp_c.c"/>
        <file name="./src/expsp/expsp_v.c"/>
        <file name="./src/log10dp//c66/log10dp_c.c"/>
        <file name="./src/log10dp/log10dp_v.c"/>
        <file name="./src/log10sp//c66/log10sp_c.c"/>
        <file name="./src/log10sp/log10sp_v.c"/>
        <file name="./src/log2dp//c66/log2dp_c.c"/>
        <file name="./src/log2dp/log2dp_v.c"/>
        <file name="./src/log2sp//c66/log2sp_c.c"/>
        <file name="./src/log2sp/log2sp_v.c"/>
        <file name="./src/logdp//c66/logdp_c.c"/>
        <file name="./src/logdp/logdp_v.c"/>
        <file name="./src/logsp//c66/logsp_c.c"/>
        <file name="./src/logsp/logsp_v.c"/>
        <file name="./src/powdp//c66/powdp_c.c"/>
        <file name="./src/powdp/powdp_v.c"/>
        <file name="./src/powsp//c66/powsp_c.c"/>
        <file name="./src/powsp/powsp_v.c"/>
        <file name="./src/recipdp//c66/recipdp_c.c"/>
        <file name="./src/recipdp/recipdp_v.c"/>
        <file name="./src/recipsp//c66/recipsp_c.c"/>
        <file name="./src/recipsp/recipsp_v.c"/>
        <file name="./src/rsqrtdp//c66/rsqrtdp_c.c"/>
        <file name="./src/rsqrtdp/rsqrtdp_v.c"/>
        <file name="./src/rsqrtsp//c66/rsqrtsp_c.c"/>
        <file name="./src/rsqrtsp/rsqrtsp_v.c"/>
        <file name="./src/sindp//c66/sindp_c.c"/>
        <file name="./src/sindp/sindp_v.c"/>
        <file name="./src/sinsp//c66/sinsp_c.c"/>
        <file name="./src/sinsp/sinsp_v.c"/>
        <file name="./src/sqrtdp//c66/sqrtdp_c.c"/>
        <file name="./src/sqrtdp/sqrtdp_v.c"/>
        <file name="./src/sqrtsp//c66/sqrtsp_c.c"/>
        <file name="./src/sqrtsp/sqrtsp_v.c"/>
        <file name="./src/asindp//c66/asindp.c"/>
        <file name="./src/asindp//c66/asindp_c.c"/>
        <file name="./src/asindp//c66/asindp_v.c"/>
        <file name="./src/asinsp//c66/asinsp.c"/>
        <file name="./src/asinsp//c66/asinsp_c.c"/>
        <file name="./src/asinsp/asinsp_v.c"/>
        <file name="./src/acosdp//c66/acosdp.c"/>
        <file name="./src/acosdp//c66/acosdp_c.c"/>
        <file name="./src/acosdp//c66/acosdp_v.c"/>
        <file name="./src/acossp//c66/acossp.c"/>
        <file name="./src/acossp//c66/acossp_c.c"/>
        <file name="./src/acossp/acossp_v.c"/>
        <file name="./src/sinhdp//c66/sinhdp.c"/>
        <file name="./src/sinhdp//c66/sinhdp_c.c"/>
        <file name="./src/sinhdp//c66/sinhdp_v.c"/>
        <file name="./src/sinhsp//c66/sinhsp.c"/>
        <file name="./src/sinhsp//c66/sinhsp_c.c"/>
        <file name="./src/sinhsp/sinhsp_v.c"/>
        <file name="./src/coshdp//c66/coshdp.c"/>
        <file name="./src/coshdp//c66/coshdp_c.c"/>
        <file name="./src/coshdp//c66/coshdp_v.c"/>
        <file name="./src/coshsp//c66/coshsp.c"/>
        <file name="./src/coshsp//c66/coshsp_c.c"/>
        <file name="./src/coshsp/coshsp_v.c"/>
        <file name="./src/tandp//c66/tandp.c"/>
        <file name="./src/tandp//c66/tandp_c.c"/>
        <file name="./src/tandp/tandp_v.c"/>
        <file name="./src/tansp//c66/tansp.c"/>
        <file name="./src/tansp//c66/tansp_c.c"/>
        <file name="./src/tansp/tansp_v.c"/>
        <file name="./src/tanhdp//c66/tanhdp.c"/>
        <file name="./src/tanhdp//c66/tanhdp_c.c"/>
        <file name="./src/tanhdp//c66/tanhdp_v.c"/>
        <file name="./src/tanhsp//c66/tanhsp.c"/>
        <file name="./src/tanhsp//c66/tanhsp_c.c"/>
        <file name="./src/tanhsp/tanhsp_v.c"/>
        <file name="./src/acoshdp//c66/acoshdp.c"/>
        <file name="./src/acoshdp//c66/acoshdp_c.c"/>
        <file name="./src/acoshdp/acoshdp_v.c"/>
        <file name="./src/acoshsp//c66/acoshsp.c"/>
        <file name="./src/acoshsp//c66/acoshsp_c.c"/>
        <file name="./src/acoshsp/acoshsp_v.c"/>
        <file name="./src/asinhdp//c66/asinhdp.c"/>
        <file name="./src/asinhdp//c66/asinhdp_c.c"/>
        <file name="./src/asinhdp/asinhdp_v.c"/>
        <file name="./src/asinhsp//c66/asinhsp.c"/>
        <file name="./src/asinhsp//c66/asinhsp_c.c"/>
        <file name="./src/asinhsp/asinhsp_v.c"/>
        <file name="./src/atanhdp//c66/atanhdp.c"/>
        <file name="./src/atanhdp//c66/atanhdp_c.c"/>
        <file name="./src/atanhdp//c66/atanhdp_v.c"/>
        <file name="./src/atanhsp//c66/atanhsp.c"/>
        <file name="./src/atanhsp//c66/atanhsp_c.c"/>
        <file name="./src/atanhsp/atanhsp_v.c"/>
        <file name="./src/atan2dp//c66/atan2dp.asm"/>
        <file name="./src/atan2sp//c66/atan2sp.asm"/>
        <file name="./src/atandp//c66/atandp.asm"/>
        <file name="./src/atansp//c66/atansp.asm"/>
        <file name="./src/cosdp//c66/cosdp.asm"/>
        <file name="./src/cossp//c66/cossp.asm"/>
        <file name="./src/divdp//c66/divdp.asm"/>
        <file name="./src/divsp//c66/divsp.asm"/>
        <file name="./src/exp10dp//c66/exp10dp.asm"/>
        <file name="./src/exp10sp//c66/exp10sp.asm"/>
        <file name="./src/exp2dp//c66/exp2dp.asm"/>
        <file name="./src/exp2sp//c66/exp2sp.asm"/>
        <file name="./src/expdp//c66/expdp.asm"/>
        <file name="./src/expsp//c66/expsp.asm"/>
        <file name="./src/log10dp//c66/log10dp.asm"/>
        <file name="./src/log10sp//c66/log10sp.asm"/>
        <file name="./src/log2dp//c66/log2dp.asm"/>
        <file name="./src/log2sp//c66/log2sp.asm"/>
        <file name="./src/logdp//c66/logdp.asm"/>
        <file name="./src/logsp//c66/logsp.asm"/>
        <file name="./src/powdp//c66/powdp.asm"/>
        <file name="./src/powsp//c66/powsp.asm"/>
        <file name="./src/recipdp//c66/recipdp.asm"/>
        <file name="./src/recipsp//c66/recipsp.asm"/>
        <file name="./src/rsqrtdp//c66/rsqrtdp.asm"/>
        <file name="./src/rsqrtsp//c66/rsqrtsp.asm"/>
        <file name="./src/sindp//c66/sindp.asm"/>
        <file name="./src/sinsp//c66/sinsp.asm"/>
        <file name="./src/sqrtdp//c66/sqrtdp.asm"/>
        <file name="./src/sqrtsp//c66/sqrtsp.asm"/>
        <file name="lib/mathlib.a66"/>
        <file name="lib/mathlib.lib"/>
        <file name="lib/mathlib.a66e.mk"/>
        <file name="lib/mathlib.a66e"/>
        <file name="lib/mathlib.ae66.mk"/>
        <file name="lib/mathlib.ae66"/>
        <file name="lib/mathlib.ae66e.mk"/>
        <file name="lib/mathlib.ae66e"/>
        <file name="./package/projects"/>
        <file name="ccsmake.mk"/>
        <file name="src/acosdp//c66//acosdp_66_LE_COFF"/>
        <file name="src/common//c66/lnk.cmd"/>
        <file name="src/acosdp/acosdp.h"/>
        <file name="src/acosdp/acosdp_d.c"/>
        <file name="src/acosdp//c66/acosdp.h"/>
        <file name="src/acosdp//c66/acosdp_i.h"/>
        <file name="src/common/drvdp.c"/>
        <file name="src/common/drvdp.h"/>
        <file name="src/common/driver.h"/>
        <file name="src/common/driver.c"/>
        <file name="src/common/common.h"/>
        <file name="src/common/tables.c"/>
        <file name="src/common//c66/common.h"/>
        <file name="src/acosdp//c66//acosdp_66_BE_COFF"/>
        <file name="src/acosdp//c66//acosdp_66_LE_ELF"/>
        <file name="src/acosdp//c66//acosdp_66_BE_ELF"/>
        <file name="src/acoshdp//c66//acoshdp_66_LE_COFF"/>
        <file name="src/acoshdp/acoshdp.h"/>
        <file name="src/acoshdp/acoshdp_d.c"/>
        <file name="src/acoshdp//c66/acoshdp.h"/>
        <file name="src/acoshdp//c66/acoshdp_i.h"/>
        <file name="src/acoshdp//c66//acoshdp_66_BE_COFF"/>
        <file name="src/acoshdp//c66//acoshdp_66_LE_ELF"/>
        <file name="src/acoshdp//c66//acoshdp_66_BE_ELF"/>
        <file name="src/acoshsp//c66//acoshsp_66_LE_COFF"/>
        <file name="src/acoshsp/acoshsp.h"/>
        <file name="src/acoshsp/acoshsp_d.c"/>
        <file name="src/acoshsp//c66/acoshsp.h"/>
        <file name="src/acoshsp//c66/acoshsp_i.h"/>
        <file name="src/common/drvsp.c"/>
        <file name="src/common/drvsp.h"/>
        <file name="src/acoshsp//c66//acoshsp_66_BE_COFF"/>
        <file name="src/acoshsp//c66//acoshsp_66_LE_ELF"/>
        <file name="src/acoshsp//c66//acoshsp_66_BE_ELF"/>
        <file name="src/acossp//c66//acossp_66_LE_COFF"/>
        <file name="src/acossp/acossp.h"/>
        <file name="src/acossp/acossp_d.c"/>
        <file name="src/acossp//c66/acossp.h"/>
        <file name="src/acossp//c66/acossp_i.h"/>
        <file name="src/acossp//c66//acossp_66_BE_COFF"/>
        <file name="src/acossp//c66//acossp_66_LE_ELF"/>
        <file name="src/acossp//c66//acossp_66_BE_ELF"/>
        <file name="src/asindp//c66//asindp_66_LE_COFF"/>
        <file name="src/asindp/asindp.h"/>
        <file name="src/asindp/asindp_d.c"/>
        <file name="src/asindp//c66/asindp.h"/>
        <file name="src/asindp//c66/asindp_i.h"/>
        <file name="src/asindp//c66//asindp_66_BE_COFF"/>
        <file name="src/asindp//c66//asindp_66_LE_ELF"/>
        <file name="src/asindp//c66//asindp_66_BE_ELF"/>
        <file name="src/asinhdp//c66//asinhdp_66_LE_COFF"/>
        <file name="src/asinhdp/asinhdp.h"/>
        <file name="src/asinhdp/asinhdp_d.c"/>
        <file name="src/asinhdp//c66/asinhdp.h"/>
        <file name="src/asinhdp//c66/asinhdp_i.h"/>
        <file name="src/asinhdp//c66//asinhdp_66_BE_COFF"/>
        <file name="src/asinhdp//c66//asinhdp_66_LE_ELF"/>
        <file name="src/asinhdp//c66//asinhdp_66_BE_ELF"/>
        <file name="src/asinhsp//c66//asinhsp_66_LE_COFF"/>
        <file name="src/asinhsp/asinhsp.h"/>
        <file name="src/asinhsp/asinhsp_d.c"/>
        <file name="src/asinhsp//c66/asinhsp.h"/>
        <file name="src/asinhsp//c66/asinhsp_i.h"/>
        <file name="src/asinhsp//c66//asinhsp_66_BE_COFF"/>
        <file name="src/asinhsp//c66//asinhsp_66_LE_ELF"/>
        <file name="src/asinhsp//c66//asinhsp_66_BE_ELF"/>
        <file name="src/asinsp//c66//asinsp_66_LE_COFF"/>
        <file name="src/asinsp/asinsp.h"/>
        <file name="src/asinsp/asinsp_d.c"/>
        <file name="src/asinsp//c66/asinsp.h"/>
        <file name="src/asinsp//c66/asinsp_i.h"/>
        <file name="src/asinsp//c66//asinsp_66_BE_COFF"/>
        <file name="src/asinsp//c66//asinsp_66_LE_ELF"/>
        <file name="src/asinsp//c66//asinsp_66_BE_ELF"/>
        <file name="src/atan2dp//c66//atan2dp_66_LE_COFF"/>
        <file name="src/atan2dp/atan2dp.h"/>
        <file name="src/atan2dp/atan2dp_d.c"/>
        <file name="src/atan2dp//c66/atan2dp.h"/>
        <file name="src/atan2dp//c66/atan2dp_i.h"/>
        <file name="src/atan2dp//c66//atan2dp_66_BE_COFF"/>
        <file name="src/atan2dp//c66//atan2dp_66_LE_ELF"/>
        <file name="src/atan2dp//c66//atan2dp_66_BE_ELF"/>
        <file name="src/atan2sp//c66//atan2sp_66_LE_COFF"/>
        <file name="src/atan2sp/atan2sp.h"/>
        <file name="src/atan2sp/atan2sp_d.c"/>
        <file name="src/atan2sp//c66/atan2sp.h"/>
        <file name="src/atan2sp//c66/atan2sp_i.h"/>
        <file name="src/atan2sp//c66//atan2sp_66_BE_COFF"/>
        <file name="src/atan2sp//c66//atan2sp_66_LE_ELF"/>
        <file name="src/atan2sp//c66//atan2sp_66_BE_ELF"/>
        <file name="src/atandp//c66//atandp_66_LE_COFF"/>
        <file name="src/atandp/atandp.h"/>
        <file name="src/atandp/atandp_d.c"/>
        <file name="src/atandp//c66/atandp.h"/>
        <file name="src/atandp//c66/atandp_i.h"/>
        <file name="src/atandp//c66//atandp_66_BE_COFF"/>
        <file name="src/atandp//c66//atandp_66_LE_ELF"/>
        <file name="src/atandp//c66//atandp_66_BE_ELF"/>
        <file name="src/atanhdp//c66//atanhdp_66_LE_COFF"/>
        <file name="src/atanhdp/atanhdp.h"/>
        <file name="src/atanhdp/atanhdp_d.c"/>
        <file name="src/atanhdp//c66/atanhdp.h"/>
        <file name="src/atanhdp//c66/atanhdp_i.h"/>
        <file name="src/atanhdp//c66//atanhdp_66_BE_COFF"/>
        <file name="src/atanhdp//c66//atanhdp_66_LE_ELF"/>
        <file name="src/atanhdp//c66//atanhdp_66_BE_ELF"/>
        <file name="src/atanhsp//c66//atanhsp_66_LE_COFF"/>
        <file name="src/atanhsp/atanhsp.h"/>
        <file name="src/atanhsp/atanhsp_d.c"/>
        <file name="src/atanhsp//c66/atanhsp.h"/>
        <file name="src/atanhsp//c66/atanhsp_i.h"/>
        <file name="src/atanhsp//c66//atanhsp_66_BE_COFF"/>
        <file name="src/atanhsp//c66//atanhsp_66_LE_ELF"/>
        <file name="src/atanhsp//c66//atanhsp_66_BE_ELF"/>
        <file name="src/atansp//c66//atansp_66_LE_COFF"/>
        <file name="src/atansp/atansp.h"/>
        <file name="src/atansp/atansp_d.c"/>
        <file name="src/atansp//c66/atansp.h"/>
        <file name="src/atansp//c66/atansp_i.h"/>
        <file name="src/atansp//c66//atansp_66_BE_COFF"/>
        <file name="src/atansp//c66//atansp_66_LE_ELF"/>
        <file name="src/atansp//c66//atansp_66_BE_ELF"/>
        <file name="src/cosdp//c66//cosdp_66_LE_COFF"/>
        <file name="src/cosdp/cosdp.h"/>
        <file name="src/cosdp/cosdp_d.c"/>
        <file name="src/cosdp//c66/cosdp.h"/>
        <file name="src/cosdp//c66/cosdp_i.h"/>
        <file name="src/cosdp//c66//cosdp_66_BE_COFF"/>
        <file name="src/cosdp//c66//cosdp_66_LE_ELF"/>
        <file name="src/cosdp//c66//cosdp_66_BE_ELF"/>
        <file name="src/coshdp//c66//coshdp_66_LE_COFF"/>
        <file name="src/coshdp/coshdp.h"/>
        <file name="src/coshdp/coshdp_d.c"/>
        <file name="src/coshdp//c66/coshdp.h"/>
        <file name="src/coshdp//c66/coshdp_i.h"/>
        <file name="src/coshdp//c66//coshdp_66_BE_COFF"/>
        <file name="src/coshdp//c66//coshdp_66_LE_ELF"/>
        <file name="src/coshdp//c66//coshdp_66_BE_ELF"/>
        <file name="src/coshsp//c66//coshsp_66_LE_COFF"/>
        <file name="src/coshsp/coshsp.h"/>
        <file name="src/coshsp/coshsp_d.c"/>
        <file name="src/coshsp//c66/coshsp.h"/>
        <file name="src/coshsp//c66/coshsp_i.h"/>
        <file name="src/coshsp//c66//coshsp_66_BE_COFF"/>
        <file name="src/coshsp//c66//coshsp_66_LE_ELF"/>
        <file name="src/coshsp//c66//coshsp_66_BE_ELF"/>
        <file name="src/cossp//c66//cossp_66_LE_COFF"/>
        <file name="src/cossp/cossp.h"/>
        <file name="src/cossp/cossp_d.c"/>
        <file name="src/cossp//c66/cossp.h"/>
        <file name="src/cossp//c66/cossp_i.h"/>
        <file name="src/cossp//c66//cossp_66_BE_COFF"/>
        <file name="src/cossp//c66//cossp_66_LE_ELF"/>
        <file name="src/cossp//c66//cossp_66_BE_ELF"/>
        <file name="src/divdp//c66//divdp_66_LE_COFF"/>
        <file name="src/divdp/divdp.h"/>
        <file name="src/divdp/divdp_d.c"/>
        <file name="src/divdp//c66/divdp.h"/>
        <file name="src/divdp//c66/divdp_i.h"/>
        <file name="src/divdp//c66//divdp_66_BE_COFF"/>
        <file name="src/divdp//c66//divdp_66_LE_ELF"/>
        <file name="src/divdp//c66//divdp_66_BE_ELF"/>
        <file name="src/divsp//c66//divsp_66_LE_COFF"/>
        <file name="src/divsp/divsp.h"/>
        <file name="src/divsp/divsp_d.c"/>
        <file name="src/divsp//c66/divsp.h"/>
        <file name="src/divsp//c66/divsp_i.h"/>
        <file name="src/divsp//c66//divsp_66_BE_COFF"/>
        <file name="src/divsp//c66//divsp_66_LE_ELF"/>
        <file name="src/divsp//c66//divsp_66_BE_ELF"/>
        <file name="src/exp10dp//c66//exp10dp_66_LE_COFF"/>
        <file name="src/exp10dp/exp10dp.h"/>
        <file name="src/exp10dp/exp10dp_d.c"/>
        <file name="src/exp10dp//c66/exp10dp.h"/>
        <file name="src/exp10dp//c66/exp10dp_i.h"/>
        <file name="src/exp10dp//c66//exp10dp_66_BE_COFF"/>
        <file name="src/exp10dp//c66//exp10dp_66_LE_ELF"/>
        <file name="src/exp10dp//c66//exp10dp_66_BE_ELF"/>
        <file name="src/exp10sp//c66//exp10sp_66_LE_COFF"/>
        <file name="src/exp10sp/exp10sp.h"/>
        <file name="src/exp10sp/exp10sp_d.c"/>
        <file name="src/exp10sp//c66/exp10sp.h"/>
        <file name="src/exp10sp//c66/exp10sp_i.h"/>
        <file name="src/exp10sp//c66//exp10sp_66_BE_COFF"/>
        <file name="src/exp10sp//c66//exp10sp_66_LE_ELF"/>
        <file name="src/exp10sp//c66//exp10sp_66_BE_ELF"/>
        <file name="src/exp2dp//c66//exp2dp_66_LE_COFF"/>
        <file name="src/exp2dp/exp2dp.h"/>
        <file name="src/exp2dp/exp2dp_d.c"/>
        <file name="src/exp2dp//c66/exp2dp.h"/>
        <file name="src/exp2dp//c66/exp2dp_i.h"/>
        <file name="src/exp2dp//c66//exp2dp_66_BE_COFF"/>
        <file name="src/exp2dp//c66//exp2dp_66_LE_ELF"/>
        <file name="src/exp2dp//c66//exp2dp_66_BE_ELF"/>
        <file name="src/exp2sp//c66//exp2sp_66_LE_COFF"/>
        <file name="src/exp2sp/exp2sp.h"/>
        <file name="src/exp2sp/exp2sp_d.c"/>
        <file name="src/exp2sp//c66/exp2sp.h"/>
        <file name="src/exp2sp//c66/exp2sp_i.h"/>
        <file name="src/exp2sp//c66//exp2sp_66_BE_COFF"/>
        <file name="src/exp2sp//c66//exp2sp_66_LE_ELF"/>
        <file name="src/exp2sp//c66//exp2sp_66_BE_ELF"/>
        <file name="src/expdp//c66//expdp_66_LE_COFF"/>
        <file name="src/expdp/expdp.h"/>
        <file name="src/expdp/expdp_d.c"/>
        <file name="src/expdp//c66/expdp.h"/>
        <file name="src/expdp//c66/expdp_i.h"/>
        <file name="src/expdp//c66//expdp_66_BE_COFF"/>
        <file name="src/expdp//c66//expdp_66_LE_ELF"/>
        <file name="src/expdp//c66//expdp_66_BE_ELF"/>
        <file name="src/expsp//c66//expsp_66_LE_COFF"/>
        <file name="src/expsp/expsp.h"/>
        <file name="src/expsp/expsp_d.c"/>
        <file name="src/expsp//c66/expsp.h"/>
        <file name="src/expsp//c66/expsp_i.h"/>
        <file name="src/expsp//c66//expsp_66_BE_COFF"/>
        <file name="src/expsp//c66//expsp_66_LE_ELF"/>
        <file name="src/expsp//c66//expsp_66_BE_ELF"/>
        <file name="src/log10dp//c66//log10dp_66_LE_COFF"/>
        <file name="src/log10dp/log10dp.h"/>
        <file name="src/log10dp/log10dp_d.c"/>
        <file name="src/log10dp//c66/log10dp.h"/>
        <file name="src/log10dp//c66/log10dp_i.h"/>
        <file name="src/log10dp//c66//log10dp_66_BE_COFF"/>
        <file name="src/log10dp//c66//log10dp_66_LE_ELF"/>
        <file name="src/log10dp//c66//log10dp_66_BE_ELF"/>
        <file name="src/log10sp//c66//log10sp_66_LE_COFF"/>
        <file name="src/log10sp/log10sp.h"/>
        <file name="src/log10sp/log10sp_d.c"/>
        <file name="src/log10sp//c66/log10sp.h"/>
        <file name="src/log10sp//c66/log10sp_i.h"/>
        <file name="src/log10sp//c66//log10sp_66_BE_COFF"/>
        <file name="src/log10sp//c66//log10sp_66_LE_ELF"/>
        <file name="src/log10sp//c66//log10sp_66_BE_ELF"/>
        <file name="src/log2dp//c66//log2dp_66_LE_COFF"/>
        <file name="src/log2dp/log2dp.h"/>
        <file name="src/log2dp/log2dp_d.c"/>
        <file name="src/log2dp//c66/log2dp.h"/>
        <file name="src/log2dp//c66/log2dp_i.h"/>
        <file name="src/log2dp//c66//log2dp_66_BE_COFF"/>
        <file name="src/log2dp//c66//log2dp_66_LE_ELF"/>
        <file name="src/log2dp//c66//log2dp_66_BE_ELF"/>
        <file name="src/log2sp//c66//log2sp_66_LE_COFF"/>
        <file name="src/log2sp/log2sp.h"/>
        <file name="src/log2sp/log2sp_d.c"/>
        <file name="src/log2sp//c66/log2sp.h"/>
        <file name="src/log2sp//c66/log2sp_i.h"/>
        <file name="src/log2sp//c66//log2sp_66_BE_COFF"/>
        <file name="src/log2sp//c66//log2sp_66_LE_ELF"/>
        <file name="src/log2sp//c66//log2sp_66_BE_ELF"/>
        <file name="src/logdp//c66//logdp_66_LE_COFF"/>
        <file name="src/logdp/logdp.h"/>
        <file name="src/logdp/logdp_d.c"/>
        <file name="src/logdp//c66/logdp.h"/>
        <file name="src/logdp//c66/logdp_i.h"/>
        <file name="src/logdp//c66//logdp_66_BE_COFF"/>
        <file name="src/logdp//c66//logdp_66_LE_ELF"/>
        <file name="src/logdp//c66//logdp_66_BE_ELF"/>
        <file name="src/logsp//c66//logsp_66_LE_COFF"/>
        <file name="src/logsp/logsp.h"/>
        <file name="src/logsp/logsp_d.c"/>
        <file name="src/logsp//c66/logsp.h"/>
        <file name="src/logsp//c66/logsp_i.h"/>
        <file name="src/logsp//c66//logsp_66_BE_COFF"/>
        <file name="src/logsp//c66//logsp_66_LE_ELF"/>
        <file name="src/logsp//c66//logsp_66_BE_ELF"/>
        <file name="src/powdp//c66//powdp_66_LE_COFF"/>
        <file name="src/powdp/powdp.h"/>
        <file name="src/powdp/powdp_d.c"/>
        <file name="src/powdp//c66/powdp.h"/>
        <file name="src/powdp//c66/powdp_i.h"/>
        <file name="src/powdp//c66//powdp_66_BE_COFF"/>
        <file name="src/powdp//c66//powdp_66_LE_ELF"/>
        <file name="src/powdp//c66//powdp_66_BE_ELF"/>
        <file name="src/powsp//c66//powsp_66_LE_COFF"/>
        <file name="src/powsp/powsp.h"/>
        <file name="src/powsp/powsp_d.c"/>
        <file name="src/powsp//c66/powsp.h"/>
        <file name="src/powsp//c66/powsp_i.h"/>
        <file name="src/powsp//c66//powsp_66_BE_COFF"/>
        <file name="src/powsp//c66//powsp_66_LE_ELF"/>
        <file name="src/powsp//c66//powsp_66_BE_ELF"/>
        <file name="src/recipdp//c66//recipdp_66_LE_COFF"/>
        <file name="src/recipdp/recipdp.h"/>
        <file name="src/recipdp/recipdp_d.c"/>
        <file name="src/recipdp//c66/recipdp.h"/>
        <file name="src/recipdp//c66/recipdp_i.h"/>
        <file name="src/recipdp//c66//recipdp_66_BE_COFF"/>
        <file name="src/recipdp//c66//recipdp_66_LE_ELF"/>
        <file name="src/recipdp//c66//recipdp_66_BE_ELF"/>
        <file name="src/recipsp//c66//recipsp_66_LE_COFF"/>
        <file name="src/recipsp/recipsp.h"/>
        <file name="src/recipsp/recipsp_d.c"/>
        <file name="src/recipsp//c66/recipsp.h"/>
        <file name="src/recipsp//c66/recipsp_i.h"/>
        <file name="src/recipsp//c66//recipsp_66_BE_COFF"/>
        <file name="src/recipsp//c66//recipsp_66_LE_ELF"/>
        <file name="src/recipsp//c66//recipsp_66_BE_ELF"/>
        <file name="src/rsqrtdp//c66//rsqrtdp_66_LE_COFF"/>
        <file name="src/rsqrtdp/rsqrtdp.h"/>
        <file name="src/rsqrtdp/rsqrtdp_d.c"/>
        <file name="src/rsqrtdp//c66/rsqrtdp.h"/>
        <file name="src/rsqrtdp//c66/rsqrtdp_i.h"/>
        <file name="src/rsqrtdp//c66//rsqrtdp_66_BE_COFF"/>
        <file name="src/rsqrtdp//c66//rsqrtdp_66_LE_ELF"/>
        <file name="src/rsqrtdp//c66//rsqrtdp_66_BE_ELF"/>
        <file name="src/rsqrtsp//c66//rsqrtsp_66_LE_COFF"/>
        <file name="src/rsqrtsp/rsqrtsp.h"/>
        <file name="src/rsqrtsp/rsqrtsp_d.c"/>
        <file name="src/rsqrtsp//c66/rsqrtsp.h"/>
        <file name="src/rsqrtsp//c66/rsqrtsp_i.h"/>
        <file name="src/rsqrtsp//c66//rsqrtsp_66_BE_COFF"/>
        <file name="src/rsqrtsp//c66//rsqrtsp_66_LE_ELF"/>
        <file name="src/rsqrtsp//c66//rsqrtsp_66_BE_ELF"/>
        <file name="src/sindp//c66//sindp_66_LE_COFF"/>
        <file name="src/sindp/sindp.h"/>
        <file name="src/sindp/sindp_d.c"/>
        <file name="src/sindp//c66/sindp.h"/>
        <file name="src/sindp//c66/sindp_i.h"/>
        <file name="src/sindp//c66//sindp_66_BE_COFF"/>
        <file name="src/sindp//c66//sindp_66_LE_ELF"/>
        <file name="src/sindp//c66//sindp_66_BE_ELF"/>
        <file name="src/sinhdp//c66//sinhdp_66_LE_COFF"/>
        <file name="src/sinhdp/sinhdp.h"/>
        <file name="src/sinhdp/sinhdp_d.c"/>
        <file name="src/sinhdp//c66/sinhdp.h"/>
        <file name="src/sinhdp//c66/sinhdp_i.h"/>
        <file name="src/sinhdp//c66//sinhdp_66_BE_COFF"/>
        <file name="src/sinhdp//c66//sinhdp_66_LE_ELF"/>
        <file name="src/sinhdp//c66//sinhdp_66_BE_ELF"/>
        <file name="src/sinhsp//c66//sinhsp_66_LE_COFF"/>
        <file name="src/sinhsp/sinhsp.h"/>
        <file name="src/sinhsp/sinhsp_d.c"/>
        <file name="src/sinhsp//c66/sinhsp.h"/>
        <file name="src/sinhsp//c66/sinhsp_i.h"/>
        <file name="src/sinhsp//c66//sinhsp_66_BE_COFF"/>
        <file name="src/sinhsp//c66//sinhsp_66_LE_ELF"/>
        <file name="src/sinhsp//c66//sinhsp_66_BE_ELF"/>
        <file name="src/sinsp//c66//sinsp_66_LE_COFF"/>
        <file name="src/sinsp/sinsp.h"/>
        <file name="src/sinsp/sinsp_d.c"/>
        <file name="src/sinsp//c66/sinsp.h"/>
        <file name="src/sinsp//c66/sinsp_i.h"/>
        <file name="src/sinsp//c66//sinsp_66_BE_COFF"/>
        <file name="src/sinsp//c66//sinsp_66_LE_ELF"/>
        <file name="src/sinsp//c66//sinsp_66_BE_ELF"/>
        <file name="src/sqrtdp//c66//sqrtdp_66_LE_COFF"/>
        <file name="src/sqrtdp/sqrtdp.h"/>
        <file name="src/sqrtdp/sqrtdp_d.c"/>
        <file name="src/sqrtdp//c66/sqrtdp.h"/>
        <file name="src/sqrtdp//c66/sqrtdp_i.h"/>
        <file name="src/sqrtdp//c66//sqrtdp_66_BE_COFF"/>
        <file name="src/sqrtdp//c66//sqrtdp_66_LE_ELF"/>
        <file name="src/sqrtdp//c66//sqrtdp_66_BE_ELF"/>
        <file name="src/sqrtsp//c66//sqrtsp_66_LE_COFF"/>
        <file name="src/sqrtsp/sqrtsp.h"/>
        <file name="src/sqrtsp/sqrtsp_d.c"/>
        <file name="src/sqrtsp//c66/sqrtsp.h"/>
        <file name="src/sqrtsp//c66/sqrtsp_i.h"/>
        <file name="src/sqrtsp//c66//sqrtsp_66_BE_COFF"/>
        <file name="src/sqrtsp//c66//sqrtsp_66_LE_ELF"/>
        <file name="src/sqrtsp//c66//sqrtsp_66_BE_ELF"/>
        <file name="src/tandp//c66//tandp_66_LE_COFF"/>
        <file name="src/tandp/tandp.h"/>
        <file name="src/tandp/tandp_d.c"/>
        <file name="src/tandp//c66/tandp.h"/>
        <file name="src/tandp//c66/tandp_i.h"/>
        <file name="src/tandp//c66//tandp_66_BE_COFF"/>
        <file name="src/tandp//c66//tandp_66_LE_ELF"/>
        <file name="src/tandp//c66//tandp_66_BE_ELF"/>
        <file name="src/tanhdp//c66//tanhdp_66_LE_COFF"/>
        <file name="src/tanhdp/tanhdp.h"/>
        <file name="src/tanhdp/tanhdp_d.c"/>
        <file name="src/tanhdp//c66/tanhdp.h"/>
        <file name="src/tanhdp//c66/tanhdp_i.h"/>
        <file name="src/tanhdp//c66//tanhdp_66_BE_COFF"/>
        <file name="src/tanhdp//c66//tanhdp_66_LE_ELF"/>
        <file name="src/tanhdp//c66//tanhdp_66_BE_ELF"/>
        <file name="src/tanhsp//c66//tanhsp_66_LE_COFF"/>
        <file name="src/tanhsp/tanhsp.h"/>
        <file name="src/tanhsp/tanhsp_d.c"/>
        <file name="src/tanhsp//c66/tanhsp.h"/>
        <file name="src/tanhsp//c66/tanhsp_i.h"/>
        <file name="src/tanhsp//c66//tanhsp_66_BE_COFF"/>
        <file name="src/tanhsp//c66//tanhsp_66_LE_ELF"/>
        <file name="src/tanhsp//c66//tanhsp_66_BE_ELF"/>
        <file name="src/tansp//c66//tansp_66_LE_COFF"/>
        <file name="src/tansp/tansp.h"/>
        <file name="src/tansp/tansp_d.c"/>
        <file name="src/tansp//c66/tansp.h"/>
        <file name="src/tansp//c66/tansp_i.h"/>
        <file name="src/tansp//c66//tansp_66_BE_COFF"/>
        <file name="src/tansp//c66//tansp_66_LE_ELF"/>
        <file name="src/tansp//c66//tansp_66_BE_ELF"/>
        <file name=".//docs/bundle/manifest/doxyfile.xdt"/>
        <file name=".//docs/bundle/doxygen/doxyfile.xdt"/>
        <file name=".//docs/doxygen/MATHLIB_Function_Reference.chm"/>
        <file name=".//docs/doxygen/doxyfile.xdt"/>
        <file name=".//docs/manifest/Software_Manifest.html"/>
        <file name=".//mathlib_3_1_0_0_release_notes.html"/>
        <file name=".//Makedocs.mk"/>
        <file name=".//mathlib.h"/>
        <file name="docs/relnotes_archive"/>
        <file name="package.bld"/>
        <file name="package/package.xdc.inc"/>
        <file name="package/package.cfg.xdc.inc"/>
    </release>
    </releases>
    <repositories>
    </repositories>
</package>
